BEGIN;
INSERT INTO customers (id, full_name, email, phone) VALUES (1, 'Иван Петров', 'ivan@mail.com', '79161234567');
INSERT INTO customers (id, full_name, email, phone) VALUES (2, 'Мария Иванова', 'maria@yandex.ru', '79261234568');
INSERT INTO customers (id, full_name, email, phone) VALUES (3, 'Алексей Ким', 'a.kim@gmail.com', '79361234569');
INSERT INTO customers (id, full_name, email, phone) VALUES (4, 'Светлана Ветрова', 'svet@mail.com', '79461234570');
INSERT INTO customers (id, full_name, email, phone) VALUES (5, 'Дмитрий Соколов', 'd.sokolov@gmail.com', '79561234571');
INSERT INTO customers (id, full_name, email, phone) VALUES (6, 'Елена Прекрасная', 'lena.p@yandex.ru', '79661234572');
INSERT INTO customers (id, full_name, email, phone) VALUES (7, 'Артем Быстров', 'artem.bistrov@mail.com', '79761234573');
INSERT INTO customers (id, full_name, email, phone) VALUES (8, 'Виктория Романова', 'vika.r@gmail.com', '79861234574');
INSERT INTO customers (id, full_name, email, phone) VALUES (9, 'Григорий Львов', 'grigory.l@mail.com', '79961234575');
INSERT INTO customers (id, full_name, email, phone) VALUES (10, 'Алиса Селезнева', 'alice.s@yandex.ru', '79031234576');
INSERT INTO customers (id, full_name, email, phone) VALUES (11, 'Борис Громов', 'boris.grom@mail.com', '79111234577');
INSERT INTO customers (id, full_name, email, phone) VALUES (12, 'Николай Орлов', 'n.orlov@gmail.com', '79211234578');
INSERT INTO customers (id, full_name, email, phone) VALUES (13, 'Кристина Белова', 'kristina.b@mail.com', '79311234579');
INSERT INTO customers (id, full_name, email, phone) VALUES (14, 'Павел Морозов', 'p.morozov@yandex.ru', '79411234580');
INSERT INTO customers (id, full_name, email, phone) VALUES (15, 'Татьяна Воронова', 'tanya.v@mail.com', '79511234581');
INSERT INTO customers (id, full_name, email, phone) VALUES (16, 'Алиса Селецнева', 'alice.s@yandex.ru', '79031234576');
INSERT INTO positions (id, name) VALUES (1, 'Старший продавец');
INSERT INTO positions (id, name) VALUES (2, 'Продавец');
INSERT INTO positions (id, name) VALUES (3, 'Продавец-консультант');
INSERT INTO employees (id, full_name, position_id) VALUES (1, 'Анна Сидорова', 1);
INSERT INTO employees (id, full_name, position_id) VALUES (2, 'Петр Кузнецов', 2);
INSERT INTO employees (id, full_name, position_id) VALUES (3, 'Ольга Новикова', 3);
INSERT INTO warehouses (id, name, address, capacity, shelf_count) VALUES (1, 'Центральный', 'ул. Промышленная, 15', 10000, 50);
INSERT INTO warehouses (id, name, address, capacity, shelf_count) VALUES (2, 'Северный', 'ул. Лесная, 8', 8000, 40);
INSERT INTO warehouses (id, name, address, capacity, shelf_count) VALUES (3, 'Южный', 'пр. Солнечный, 25', 12000, 60);
INSERT INTO categories (id, name) VALUES (1, 'Спортивная');
INSERT INTO categories (id, name) VALUES (2, 'Повседневная');
INSERT INTO categories (id, name) VALUES (3, 'Классическая');
INSERT INTO categories (id, name) VALUES (4, 'Зимняя');
INSERT INTO categories (id, name) VALUES (5, 'Летняя');
INSERT INTO categories (id, name) VALUES (6, 'Туристическая');
INSERT INTO categories (id, name) VALUES (7, 'Осенняя');
INSERT INTO categories (id, name) VALUES (8, 'Вечерняя');
INSERT INTO categories (id, name) VALUES (9, 'Домашняя');
INSERT INTO manufacturers (id, name) VALUES (1, 'SportBrand');
INSERT INTO manufacturers (id, name) VALUES (2, 'StreetStyle');
INSERT INTO manufacturers (id, name) VALUES (3, 'ElegantStyle');
INSERT INTO manufacturers (id, name) VALUES (4, 'WarmFoot');
INSERT INTO manufacturers (id, name) VALUES (5, 'CitySteps');
INSERT INTO manufacturers (id, name) VALUES (6, 'SummerFeel');
INSERT INTO manufacturers (id, name) VALUES (7, 'Outventure');
INSERT INTO manufacturers (id, name) VALUES (8, 'UrbanWalk');
INSERT INTO manufacturers (id, name) VALUES (9, 'BusinessLook');
INSERT INTO manufacturers (id, name) VALUES (10, 'CozyHome');
INSERT INTO colors (id, name) VALUES (1, 'Черный');
INSERT INTO colors (id, name) VALUES (2, 'Красный');
INSERT INTO colors (id, name) VALUES (3, 'Бежевый');
INSERT INTO colors (id, name) VALUES (4, 'Коричневый');
INSERT INTO colors (id, name) VALUES (5, 'Синий');
INSERT INTO colors (id, name) VALUES (6, 'Белый');
INSERT INTO colors (id, name) VALUES (7, 'Зеленый');
INSERT INTO colors (id, name) VALUES (8, 'Серый');
INSERT INTO colors (id, name) VALUES (9, 'Серебро');
INSERT INTO colors (id, name) VALUES (10, 'Золотой');
INSERT INTO colors (id, name) VALUES (11, 'Розовый');
INSERT INTO products (id, model_name, category_id, manufacturer_id) VALUES (1, 'Кроссовки "Runner Pro"', 1, 1);
INSERT INTO products (id, model_name, category_id, manufacturer_id) VALUES (2, 'Кеды "Street"', 2, 2);
INSERT INTO products (id, model_name, category_id, manufacturer_id) VALUES (3, 'Туфли "Elegance"', 3, 3);
INSERT INTO products (id, model_name, category_id, manufacturer_id) VALUES (4, 'Сапоги "Winter Warm"', 4, 4);
INSERT INTO products (id, model_name, category_id, manufacturer_id) VALUES (5, 'Лоферы "Comfort"', 2, 5);
INSERT INTO products (id, model_name, category_id, manufacturer_id) VALUES (6, 'Босоножки "Summer"', 5, 6);
INSERT INTO products (id, model_name, category_id, manufacturer_id) VALUES (7, 'Ботинки "Trekker"', 6, 7);
INSERT INTO products (id, model_name, category_id, manufacturer_id) VALUES (8, 'Сапоги "City"', 7, 8);
INSERT INTO products (id, model_name, category_id, manufacturer_id) VALUES (9, 'Туфли "Вечерние"', 8, 3);
INSERT INTO products (id, model_name, category_id, manufacturer_id) VALUES (10, 'Мокасины "Leader"', 3, 9);
INSERT INTO products (id, model_name, category_id, manufacturer_id) VALUES (11, 'Тапочки "Home"', 9, 10);
INSERT INTO product_variants (id, product_id, size, color_id, price) VALUES (1, 1, 42, 1, '5500.00');
INSERT INTO product_variants (id, product_id, size, color_id, price) VALUES (2, 2, 43, 2, '3200.00');
INSERT INTO product_variants (id, product_id, size, color_id, price) VALUES (3, 3, 38, 3, '7200.00');
INSERT INTO product_variants (id, product_id, size, color_id, price) VALUES (4, 4, 43, 4, '8900.00');
INSERT INTO product_variants (id, product_id, size, color_id, price) VALUES (5, 1, 44, 5, '5500.00');
INSERT INTO product_variants (id, product_id, size, color_id, price) VALUES (6, 5, 39, 1, '6100.00');
INSERT INTO product_variants (id, product_id, size, color_id, price) VALUES (7, 6, 37, 6, '4800.00');
INSERT INTO product_variants (id, product_id, size, color_id, price) VALUES (8, 7, 45, 7, '7800.00');
INSERT INTO product_variants (id, product_id, size, color_id, price) VALUES (9, 3, 39, 1, '7200.00');
INSERT INTO product_variants (id, product_id, size, color_id, price) VALUES (10, 8, 36, 8, '6700.00');
INSERT INTO product_variants (id, product_id, size, color_id, price) VALUES (11, 1, 41, 1, '5500.00');
INSERT INTO product_variants (id, product_id, size, color_id, price) VALUES (12, 9, 35, 9, '12500.00');
INSERT INTO product_variants (id, product_id, size, color_id, price) VALUES (13, 6, 38, 10, '4800.00');
INSERT INTO product_variants (id, product_id, size, color_id, price) VALUES (14, 10, 44, 4, '8400.00');
INSERT INTO product_variants (id, product_id, size, color_id, price) VALUES (15, 4, 44, 1, '8900.00');
INSERT INTO product_variants (id, product_id, size, color_id, price) VALUES (16, 5, 37, 4, '6100.00');
INSERT INTO product_variants (id, product_id, size, color_id, price) VALUES (17, 1, 39, 6, '5500.00');
INSERT INTO product_variants (id, product_id, size, color_id, price) VALUES (18, 7, 46, 4, '7800.00');
INSERT INTO product_variants (id, product_id, size, color_id, price) VALUES (19, 8, 36, 1, '6700.00');
INSERT INTO product_variants (id, product_id, size, color_id, price) VALUES (20, 2, 42, 5, '3200.00');
INSERT INTO product_variants (id, product_id, size, color_id, price) VALUES (21, 11, 43, 5, '1500.00');
INSERT INTO product_variants (id, product_id, size, color_id, price) VALUES (22, 9, 34, 10, '12500.00');
INSERT INTO product_variants (id, product_id, size, color_id, price) VALUES (23, 3, 36, 3, '7200.00');
INSERT INTO product_variants (id, product_id, size, color_id, price) VALUES (24, 10, 43, 1, '8400.00');
INSERT INTO product_variants (id, product_id, size, color_id, price) VALUES (25, 4, 42, 4, '8900.00');
INSERT INTO product_variants (id, product_id, size, color_id, price) VALUES (26, 6, 45, 6, '4800.00');
INSERT INTO product_variants (id, product_id, size, color_id, price) VALUES (27, 5, 38, 1, '6100.00');
INSERT INTO product_variants (id, product_id, size, color_id, price) VALUES (28, 1, 38, 11, '5500.00');
INSERT INTO product_variants (id, product_id, size, color_id, price) VALUES (29, 7, 44, 7, '7800.00');
INSERT INTO product_variants (id, product_id, size, color_id, price) VALUES (30, 8, 45, 4, '6700.00');
INSERT INTO orders (id, order_number, order_date, customer_id, employee_id, warehouse_id) VALUES (1, 101, '2023-10-25', 1, 1, 1);
INSERT INTO orders (id, order_number, order_date, customer_id, employee_id, warehouse_id) VALUES (2, 102, '2023-10-25', 2, 2, 1);
INSERT INTO orders (id, order_number, order_date, customer_id, employee_id, warehouse_id) VALUES (3, 103, '2023-10-26', 1, 1, 2);
INSERT INTO orders (id, order_number, order_date, customer_id, employee_id, warehouse_id) VALUES (4, 104, '2023-10-26', 3, 2, 1);
INSERT INTO orders (id, order_number, order_date, customer_id, employee_id, warehouse_id) VALUES (5, 105, '2023-10-27', 2, 1, 3);
INSERT INTO orders (id, order_number, order_date, customer_id, employee_id, warehouse_id) VALUES (6, 106, '2023-10-28', 4, 3, 1);
INSERT INTO orders (id, order_number, order_date, customer_id, employee_id, warehouse_id) VALUES (7, 107, '2023-10-28', 5, 2, 2);
INSERT INTO orders (id, order_number, order_date, customer_id, employee_id, warehouse_id) VALUES (8, 108, '2023-10-29', 3, 1, 1);
INSERT INTO orders (id, order_number, order_date, customer_id, employee_id, warehouse_id) VALUES (9, 109, '2023-10-29', 6, 3, 3);
INSERT INTO orders (id, order_number, order_date, customer_id, employee_id, warehouse_id) VALUES (10, 110, '2023-10-30', 1, 2, 1);
INSERT INTO orders (id, order_number, order_date, customer_id, employee_id, warehouse_id) VALUES (11, 111, '2023-10-30', 7, 1, 1);
INSERT INTO orders (id, order_number, order_date, customer_id, employee_id, warehouse_id) VALUES (12, 112, '2023-10-31', 8, 3, 3);
INSERT INTO orders (id, order_number, order_date, customer_id, employee_id, warehouse_id) VALUES (13, 113, '2023-11-01', 4, 1, 3);
INSERT INTO orders (id, order_number, order_date, customer_id, employee_id, warehouse_id) VALUES (14, 114, '2023-11-01', 9, 2, 1);
INSERT INTO orders (id, order_number, order_date, customer_id, employee_id, warehouse_id) VALUES (15, 115, '2023-11-02', 5, 3, 2);
INSERT INTO orders (id, order_number, order_date, customer_id, employee_id, warehouse_id) VALUES (16, 116, '2023-11-02', 10, 1, 1);
INSERT INTO orders (id, order_number, order_date, customer_id, employee_id, warehouse_id) VALUES (17, 116, '2023-11-02', 16, 1, 1);
INSERT INTO orders (id, order_number, order_date, customer_id, employee_id, warehouse_id) VALUES (18, 117, '2023-11-03', 2, 2, 1);
INSERT INTO orders (id, order_number, order_date, customer_id, employee_id, warehouse_id) VALUES (19, 118, '2023-11-03', 11, 3, 2);
INSERT INTO orders (id, order_number, order_date, customer_id, employee_id, warehouse_id) VALUES (20, 119, '2023-11-04', 6, 1, 3);
INSERT INTO orders (id, order_number, order_date, customer_id, employee_id, warehouse_id) VALUES (21, 120, '2023-11-04', 12, 2, 1);
INSERT INTO orders (id, order_number, order_date, customer_id, employee_id, warehouse_id) VALUES (22, 121, '2023-11-05', 7, 3, 1);
INSERT INTO orders (id, order_number, order_date, customer_id, employee_id, warehouse_id) VALUES (23, 122, '2023-11-05', 13, 1, 3);
INSERT INTO orders (id, order_number, order_date, customer_id, employee_id, warehouse_id) VALUES (24, 123, '2023-11-06', 8, 2, 1);
INSERT INTO orders (id, order_number, order_date, customer_id, employee_id, warehouse_id) VALUES (25, 124, '2023-11-06', 3, 3, 1);
INSERT INTO orders (id, order_number, order_date, customer_id, employee_id, warehouse_id) VALUES (26, 125, '2023-11-07', 14, 1, 2);
INSERT INTO orders (id, order_number, order_date, customer_id, employee_id, warehouse_id) VALUES (27, 126, '2023-11-07', 9, 2, 3);
INSERT INTO orders (id, order_number, order_date, customer_id, employee_id, warehouse_id) VALUES (28, 127, '2023-11-08', 15, 3, 1);
INSERT INTO orders (id, order_number, order_date, customer_id, employee_id, warehouse_id) VALUES (29, 128, '2023-11-08', 10, 1, 1);
INSERT INTO orders (id, order_number, order_date, customer_id, employee_id, warehouse_id) VALUES (30, 128, '2023-11-08', 16, 1, 1);
INSERT INTO orders (id, order_number, order_date, customer_id, employee_id, warehouse_id) VALUES (31, 129, '2023-11-09', 1, 2, 2);
INSERT INTO orders (id, order_number, order_date, customer_id, employee_id, warehouse_id) VALUES (32, 130, '2023-11-09', 11, 3, 3);
INSERT INTO order_items (id, order_id, variant_id, quantity, unit_price) VALUES (1, 1, 1, 1, '5500.00');
INSERT INTO order_items (id, order_id, variant_id, quantity, unit_price) VALUES (2, 1, 2, 1, '3200.00');
INSERT INTO order_items (id, order_id, variant_id, quantity, unit_price) VALUES (3, 2, 3, 1, '7200.00');
INSERT INTO order_items (id, order_id, variant_id, quantity, unit_price) VALUES (4, 3, 4, 1, '8900.00');
INSERT INTO order_items (id, order_id, variant_id, quantity, unit_price) VALUES (5, 4, 5, 2, '5500.00');
INSERT INTO order_items (id, order_id, variant_id, quantity, unit_price) VALUES (6, 4, 6, 1, '6100.00');
INSERT INTO order_items (id, order_id, variant_id, quantity, unit_price) VALUES (7, 5, 7, 1, '4800.00');
INSERT INTO order_items (id, order_id, variant_id, quantity, unit_price) VALUES (8, 6, 6, 1, '6100.00');
INSERT INTO order_items (id, order_id, variant_id, quantity, unit_price) VALUES (9, 7, 8, 1, '7800.00');
INSERT INTO order_items (id, order_id, variant_id, quantity, unit_price) VALUES (10, 8, 9, 1, '7200.00');
INSERT INTO order_items (id, order_id, variant_id, quantity, unit_price) VALUES (11, 9, 10, 1, '6700.00');
INSERT INTO order_items (id, order_id, variant_id, quantity, unit_price) VALUES (12, 10, 2, 1, '3200.00');
INSERT INTO order_items (id, order_id, variant_id, quantity, unit_price) VALUES (13, 11, 11, 1, '5500.00');
INSERT INTO order_items (id, order_id, variant_id, quantity, unit_price) VALUES (14, 12, 12, 1, '12500.00');
INSERT INTO order_items (id, order_id, variant_id, quantity, unit_price) VALUES (15, 13, 13, 1, '4800.00');
INSERT INTO order_items (id, order_id, variant_id, quantity, unit_price) VALUES (16, 14, 14, 1, '8400.00');
INSERT INTO order_items (id, order_id, variant_id, quantity, unit_price) VALUES (17, 15, 15, 1, '8900.00');
INSERT INTO order_items (id, order_id, variant_id, quantity, unit_price) VALUES (18, 16, 16, 1, '6100.00');
INSERT INTO order_items (id, order_id, variant_id, quantity, unit_price) VALUES (19, 17, 16, 1, '6100.00');
INSERT INTO order_items (id, order_id, variant_id, quantity, unit_price) VALUES (20, 18, 17, 1, '5500.00');
INSERT INTO order_items (id, order_id, variant_id, quantity, unit_price) VALUES (21, 19, 18, 1, '7800.00');
INSERT INTO order_items (id, order_id, variant_id, quantity, unit_price) VALUES (22, 20, 19, 1, '6700.00');
INSERT INTO order_items (id, order_id, variant_id, quantity, unit_price) VALUES (23, 21, 20, 2, '3200.00');
INSERT INTO order_items (id, order_id, variant_id, quantity, unit_price) VALUES (24, 22, 21, 1, '1500.00');
INSERT INTO order_items (id, order_id, variant_id, quantity, unit_price) VALUES (25, 23, 22, 1, '12500.00');
INSERT INTO order_items (id, order_id, variant_id, quantity, unit_price) VALUES (26, 24, 23, 1, '7200.00');
INSERT INTO order_items (id, order_id, variant_id, quantity, unit_price) VALUES (27, 25, 24, 1, '8400.00');
INSERT INTO order_items (id, order_id, variant_id, quantity, unit_price) VALUES (28, 26, 25, 1, '8900.00');
INSERT INTO order_items (id, order_id, variant_id, quantity, unit_price) VALUES (29, 27, 26, 1, '4800.00');
INSERT INTO order_items (id, order_id, variant_id, quantity, unit_price) VALUES (30, 28, 27, 1, '6100.00');
INSERT INTO order_items (id, order_id, variant_id, quantity, unit_price) VALUES (31, 29, 28, 1, '5500.00');
INSERT INTO order_items (id, order_id, variant_id, quantity, unit_price) VALUES (32, 30, 28, 1, '5500.00');
INSERT INTO order_items (id, order_id, variant_id, quantity, unit_price) VALUES (33, 31, 29, 1, '7800.00');
INSERT INTO order_items (id, order_id, variant_id, quantity, unit_price) VALUES (34, 32, 30, 1, '6700.00');
SELECT setval(pg_get_serial_sequence('customers','id'), (SELECT MAX(id) FROM customers));
SELECT setval(pg_get_serial_sequence('positions','id'), (SELECT MAX(id) FROM positions));
SELECT setval(pg_get_serial_sequence('employees','id'), (SELECT MAX(id) FROM employees));
SELECT setval(pg_get_serial_sequence('warehouses','id'), (SELECT MAX(id) FROM warehouses));
SELECT setval(pg_get_serial_sequence('categories','id'), (SELECT MAX(id) FROM categories));
SELECT setval(pg_get_serial_sequence('manufacturers','id'), (SELECT MAX(id) FROM manufacturers));
SELECT setval(pg_get_serial_sequence('colors','id'), (SELECT MAX(id) FROM colors));
SELECT setval(pg_get_serial_sequence('products','id'), (SELECT MAX(id) FROM products));
SELECT setval(pg_get_serial_sequence('product_variants','id'), (SELECT MAX(id) FROM product_variants));
SELECT setval(pg_get_serial_sequence('orders','id'), (SELECT MAX(id) FROM orders));
SELECT setval(pg_get_serial_sequence('order_items','id'), (SELECT MAX(id) FROM order_items));
COMMIT;